1,google.com
2,amazonaws.com
3,facebook.com
4,a-msedge.net
5,microsoft.com
6,apple.com
7,googleapis.com
8,youtube.com
9,akamaiedge.net
10,akamai.net
11,azure.com
12,twitter.com
13,instagram.com
14,googlevideo.com
15,gstatic.com
16,cloudflare.com
17,live.com
18,linkedin.com
19,doubleclick.net
20,tiktokcdn.com
21,office.com
22,akadns.net
23,googletagmanager.com
24,apple-dns.net
25,netflix.com
26,windowsupdate.com
27,amazon.com
28,gtld-servers.net
29,trafficmanager.net
30,fbcdn.net
31,googleusercontent.com
32,microsoftonline.com
33,wikipedia.org
34,fastly.net
35,icloud.com
36,bing.com
37,domaincontrol.com
38,root-servers.net
39,l-msedge.net
40,wordpress.org
41,youtu.be
42,aaplimg.com
43,digicert.com
44,mail.ru
45,github.com
46,yahoo.com
47,ui.com
48,pinterest.com
49,tiktokv.com
50,sharepoint.com
51,t-msedge.net
52,nflxso.net
53,windows.net
54,goo.gl
55,adobe.com
56,googlesyndication.com
57,google-analytics.com
58,cloudfront.net
59,spotify.com
60,wordpress.com
61,vimeo.com
62,gvt2.com
63,gandi.net
64,zoom.us
65,office.net
66,s-msedge.net
67,msn.com
68,edgekey.net
69,bit.ly
70,office365.com
71,yandex.net
72,bytefcdn-oversea.com
73,skype.com
74,whatsapp.net
75,whatsapp.com
76,cloudflare.net
77,mozilla.org
78,ntp.org
79,wac-msedge.net
80,qq.com
81,intuit.com
82,cloudflare-dns.com
83,app-measurement.com
84,gvt1.com
85,blogspot.com
86,ytimg.com
87,tiktok.com
88,googledomains.com
89,trbcdn.net
90,roblox.com
91,reddit.com
92,outlook.com
93,snapchat.com
94,yandex.ru
95,opera.com
96,cdn77.org
97,europa.eu
98,baidu.com
99,nic.ru
100,amazon-adsystem.com
101,macromedia.com
102,pki.goog
103,dropbox.com
104,epicgames.com
105,tumblr.com
106,nih.gov
107,adnxs.com
108,ttlivecdn.com
109,b-msedge.net
110,netflix.net
111,criteo.com
112,one.one
113,azureedge.net
114,gravatar.com
115,cloudapp.net
116,msedge.net
117,windows.com
118,msftncsi.com
119,flickr.com
120,nytimes.com
121,unity3d.com
122,github.io
123,lencr.org
124,akamaized.net
125,sentry.io
126,spo-msedge.net
127,t.me
128,a2z.com
129,cdninstagram.com
130,tiktokcdn-us.com
131,bytefcdn-ttpeu.com
132,sberdevices.ru
133,webex.com
134,samsung.com
135,edgesuite.net
136,wa.me
137,googleadservices.com
138,registrar-servers.com
139,ggpht.com
140,rubiconproject.com
141,aiv-cdn.net
142,tfbnw.net
143,forms.gle
144,comcast.net
145,apache.org
146,paypal.com
147,health.mil
148,o365filtering.com
149,amazonvideo.com
150,zemanta.com
151,omtrdc.net
152,rbxcdn.com
153,soundcloud.com
154,cnn.com
155,2mdn.net
156,wsdvs.com
157,appsflyersdk.com
158,casalemedia.com
159,miit.gov.cn
160,t.co
161,medium.com
162,vk.com
163,archive.org
164,facebook-hardware.com
165,salesforceliveagent.com
166,w3.org
167,salesforce.com
168,theguardian.com
169,appsflyer.com
170,meraki.com
171,mangosip.ru
172,tds.net
173,gmail.com
174,applovin.com
175,forbes.com
176,pubmatic.com
177,worldfcdn2.com
178,ebay.com
179,demdex.net
180,dns.google
181,nr-data.net
182,bbc.co.uk
183,adobe.io
184,taboola.com
185,azurewebsites.net
186,googleblog.com
187,rambler.ru
188,rocket-cdn.com
189,mzstatic.com
190,e2ro.com
191,dual-s-msedge.net
192,mozilla.com
193,att.net
194,xiaomi.com
195,cdn-apple.com
196,akamaihd.net
197,creativecommons.org
198,bbc.com
199,kaspersky.com
200,comfortel.pro
201,dnsowl.com
202,sourceforge.net
203,stbid.ru
204,smartadserver.com
205,slack.com
206,discord.com
207,cisco.com
208,shifen.com
209,imdb.com
210,hp.com
211,myfritz.net
212,nginx.org
213,userapi.com
214,mit.edu
215,edgecdn.ru
216,miui.com
217,twitch.tv
218,playstation.net
219,ubuntu.com
220,sciencedirect.com
221,mcafee.com
222,who.int
223,facebook.net
224,scorecardresearch.com
225,nginx.com
226,googletagservices.com
227,abusix.zone
228,msftconnecttest.com
229,ampproject.org
230,android.com
231,wixsite.com
232,amazon.co.uk
233,researchgate.net
234,youtube-nocookie.com
235,launchdarkly.com
236,cedexis.net
237,jomodns.com
238,issuu.com
239,hubspot.com
240,b-cdn.net
241,washingtonpost.com
242,aol.com
243,appcenter.ms
244,telefonica.de
245,aliyuncs.com
246,nvidia.com
247,go.com
248,wikimedia.org
249,doubleverify.com
250,openx.net
251,wp.com
252,tinyurl.com
253,cdc.gov
254,grammarly.com
255,shopify.com
256,dailymail.co.uk
257,atomile.com
258,datadoghq.com
259,oracle.com
260,t-mobile.com
261,weebly.com
262,comcast.com
263,canva.com
264,reuters.com
265,booking.com
266,360yield.com
267,google.de
268,slideshare.net
269,rlcdn.com
270,doi.org
271,dnsmadeeasy.com
272,amazon.dev
273,harvard.edu
274,3lift.com
275,sharethrough.com
276,opendns.com
277,adsrvr.org
278,force.com
279,bidswitch.net
280,hipages.com.au
281,media-amazon.com
282,mtgglobals.com
283,www.gov.uk
284,azurefd.net
285,wildberries.ru
286,teamviewer.com
287,weibo.com
288,ibm.com
289,media.net
290,moatads.com
291,nist.gov
292,espn.com
293,vungle.com
294,roku.com
295,adriver.ru
296,google.co.uk
297,reg.ru
298,etsy.com
299,drom.ru
300,bloomberg.com
301,samsungqbe.com
302,nflxvideo.net
303,indeed.com
304,steampowered.com
305,dailymotion.com
306,crashlytics.com
307,elasticbeanstalk.com
308,jsdelivr.net
309,wsj.com
310,safebrowsing.apple
311,google.com.br
312,name-services.com
313,trendmicro.com
314,samsungcloudsolution.com
315,quantserve.com
316,wiley.com
317,nature.com
318,churchcenter.com
319,php.net
320,msidentity.com
321,alibabadns.com
322,criteo.net
323,twimg.com
324,eset.com
325,branch.io
326,stripe.com
327,cdngslb.com
328,supersonicads.com
329,sc-gw.com
330,adsafeprotected.com
331,weather.com
332,checkpoint.com
333,businessinsider.com
334,ksyuncdn.com
335,un.org
336,lijit.com
337,dotomi.com
338,telecid.ru
339,yahoo.co.jp
340,springer.com
341,dzeninfra.ru
342,unsplash.com
343,imrworldwide.com
344,quora.com
345,list-manage.com
346,id5-sync.com
347,adobedtm.com
348,sc-cdn.net
349,adform.net
350,dell.com
351,cnbc.com
352,elisa.fi
353,godaddy.com
354,ea.com
355,nasa.gov
356,outbrain.com
357,stanford.edu
358,aws.dev
359,wbx2.com
360,mi.com
361,1c.ru
362,liadm.com
363,gnu.org
364,bamgrid.com
365,nease.net
366,discord.gg
367,foxnews.com
368,stackoverflow.com
369,avast.com
370,pv-cdn.net
371,teads.tv
372,clarity.ms
373,go-mpulse.net
374,3gppnetwork.org
375,npr.org
376,netangels.ru
377,cpanel.net
378,azure-dns.com
379,inner-active.mobi
380,xboxlive.com
381,ring.com
382,eventbrite.com
383,sophos.com
384,samsungcloud.com
385,openai.com
386,sohu.com
387,badoo.com
388,amazonalexa.com
389,aliexpress.com
390,globo.com
391,giphy.com
392,hicloud.com
393,dns.cn
394,alicdn.com
395,time.com
396,avcdn.net
397,wix.com
398,usatoday.com
399,taobao.com
400,linktr.ee
401,goodreads.com
402,mynetname.net
403,walmart.com
404,telegraph.co.uk
405,tradingview.com
406,chinamobile.com
407,hichina.com
408,rackspace.net
409,ozon.ru
410,ups.com
411,att.com
412,xcal.tv
413,g.page
414,arubanetworks.com
415,bitrix24.ru
416,byteoversea.net
417,statista.com
418,amazon.de
419,hotjar.com
420,addtoany.com
421,blogger.com
422,sfx.ms
423,forter.com
424,pangle.io
425,verkada.com
426,pixabay.com
427,alibaba.com
428,ngenix.net
429,hugedomains.com
430,bilibili.com
431,shipt.com
432,myshopify.com
433,scribd.com
434,ttdns2.com
435,surveymonkey.com
436,inmobi.com
437,gamepass.com
438,healthline.com
439,firetvcaptiveportal.com
440,kwai.net
441,rzone.de
442,wired.com
443,nflximg.com
444,amzn.to
445,dzen.ru
446,speedtest.net
447,hostgator.com
448,scdn.co
449,cnet.com
450,beian.gov.cn
451,naver.com
452,ok.ru
453,viator.com
454,uber.com
455,online-metrix.net
456,zendesk.com
457,wal-mart.com
458,ca.gov
459,herokudns.com
460,gosuslugi.ru
461,mayoclinic.org
462,mikrotik.com
463,imgur.com
464,imgsmail.ru
465,kaspersky-labs.com
466,duckduckgo.com
467,ted.com
468,rocket-cdnbp.com
469,duckdns.org
470,ft.com
471,yahoodns.net
472,indiatimes.com
473,behance.net
474,consultant.ru
475,verisign.com
476,cloudflareclient.com
477,amazontrust.com
478,example.com
479,debian.org
480,autodesk.com
481,deviantart.com
482,icloud-content.com
483,independent.co.uk
484,disqus.com
485,shutterstock.com
486,buzzfeed.com
487,mysql.com
488,google.ca
489,ttvnw.net
490,rakuten.co.jp
491,duolingo.com
492,mediatek.com
493,pandora.com
494,google.fr
495,worldnic.com
496,telegram.me
497,webmd.com
498,ivi.ru
499,dnspod.net
500,line.me
501,trustpilot.com
